Workbook

Sheet 2025 입학생 3개년 교육과정(2학년)
A1: 2025학년도 입학생 3개년 교육과정 편성표(2학년)
A2: 명신고등학교(공립)
A3: 구 분 | B3: 교과(군) | C3: 과목 유형 | D3: 과목 | E3: 기본 학점 | F3: 운영 학점 | G3: 1학년 | I3: 2학년 | K3: 3학년 | M3: 편성학점 합 | O3: 성적처리 유형
G4: 1학기 | H4: 2학기 | I4: 1학기 | J4: 2학기 | K4: 1학기 | L4: 2학기 | M4: 교과(군) | N4: 선택군
A5: 학 교 지 정 과 목 | B5: 국어 | C5: =VLOOKUP(D5,[1]숨김!$B$3:$E$300,2,0) -> 공통 | D5: 공통국어1 | E5: =VLOOKUP(D5,[1]숨김!$B$3:$E$300,3,0) -> 4 | F5: 3 | G5: 3 | M5: =SUM(G5:L9) -> 17 | N5: =SUM(M5,M10,M15) -> 52 | O5: =VLOOKUP(D5,[1]숨김!$B$3:$E$300,4,0) -> 성취도 5단계+석차등급O
C6: =VLOOKUP(D6,[1]숨김!$B$3:$E$300,2,0) -> 공통 | D6: 공통국어2 | E6: =VLOOKUP(D6,[1]숨김!$B$3:$E$300,3,0) -> 4 | F6: 3 | H6: 3 | O6: =VLOOKUP(D6,[1]숨김!$B$3:$E$300,4,0) -> 성취도 5단계+석차등급O
C7: 일반 | D7: 문학 | E7: 4 | F7: 4 | I7: 4 | O7: =VLOOKUP(D7,[1]숨김!$B$3:$E$300,4,0) -> 성취도 5단계+석차등급O
C8: 일반 | D8: 화법과 언어 | E8: 4 | F8: 3 | J8: 3 | O8: 성취도 5단계+석차등급O
C9: 일반 | D9: 독서와 작문 | E9: 4 | F9: 4 | K9: 4 | O9: =VLOOKUP(D9,[1]숨김!$B$3:$E$300,4,0) -> 성취도 5단계+석차등급O
B10: 수학 | C10: =VLOOKUP(D10,[1]숨김!$B$3:$E$300,2,0) -> 공통 | D10: 공통수학1 | E10: =VLOOKUP(D10,[1]숨김!$B$3:$E$300,3,0) -> 4 | F10: 3 | G10: 3 | M10: =SUM(G10:L14) -> 17 | O10: =VLOOKUP(D10,[1]숨김!$B$3:$E$300,4,0) -> 성취도 5단계+석차등급O
C11: =VLOOKUP(D11,[1]숨김!$B$3:$E$300,2,0) -> 공통 | D11: 공통수학2 | E11: =VLOOKUP(D11,[1]숨김!$B$3:$E$300,3,0) -> 4 | F11: 3 | H11: 3 | O11: =VLOOKUP(D11,[1]숨김!$B$3:$E$300,4,0) -> 성취도 5단계+석차등급O
C12: 일반 | D12: 대수 | E12: 4 | F12: 3 | I12: 3 | O12: =VLOOKUP(D12,[1]숨김!$B$3:$E$300,4,0) -> 성취도 5단계+석차등급O
C13: 일반 | D13: 미적분Ⅰ | E13: 4 | F13: 4 | J13: 4 | O13: 성취도 5단계+석차등급O
C14: 일반 | D14: 확률과 통계 | E14: 4 | F14: 4 | K14: 4 | O14: =VLOOKUP(D14,[1]숨김!$B$3:$E$300,4,0) -> 성취도 5단계+석차등급O
B15: 영어 | C15: =VLOOKUP(D15,[1]숨김!$B$3:$E$300,2,0) -> 공통 | D15: 공통영어1 | E15: =VLOOKUP(D15,[1]숨김!$B$3:$E$300,3,0) -> 4 | F15: 3 | G15: 3 | M15: =SUM(G15:L19) -> 18 | O15: =VLOOKUP(D15,[1]숨김!$B$3:$E$300,4,0) -> 성취도 5단계+석차등급O
C16: =VLOOKUP(D16,[1]숨김!$B$3:$E$300,2,0) -> 공통 | D16: 공통영어2 | E16: =VLOOKUP(D16,[1]숨김!$B$3:$E$300,3,0) -> 4 | F16: 3 | H16: 3 | O16: =VLOOKUP(D16,[1]숨김!$B$3:$E$300,4,0) -> 성취도 5단계+석차등급O
C17: 일반 | D17: 영어Ⅰ | E17: 4 | F17: 4 | I17: 4 | O17: 성취도 5단계+석차등급O
C18: 일반 | D18: 영어Ⅱ | E18: 4 | F18: 4 | J18: 4 | O18: 성취도 5단계+석차등급O
C19: 일반 | D19: 영어 독해와 작문 | E19: 4 | F19: 4 | K19: 4 | O19: =VLOOKUP(D19,[1]숨김!$B$3:$E$300,4,0) -> 성취도 5단계+석차등급O
B20: 사회 | C20: =VLOOKUP(D20,[1]숨김!$B$3:$E$300,2,0) -> 공통 | D20: 한국사1 | E20: =VLOOKUP(D20,[1]숨김!$B$3:$E$300,3,0) -> 3 | F20: 3 | G20: 3 | M20: =SUM(G20:L21) -> 6 | O20: =VLOOKUP(D20,[1]숨김!$B$3:$E$300,4,0) -> 성취도 5단계+석차등급O
C21: =VLOOKUP(D21,[1]숨김!$B$3:$E$300,2,0) -> 공통 | D21: 한국사2 | E21: =VLOOKUP(D21,[1]숨김!$B$3:$E$300,3,0) -> 3 | F21: 3 | H21: 3 | O21: =VLOOKUP(D21,[1]숨김!$B$3:$E$300,4,0) -> 성취도 5단계+석차등급O
C22: =VLOOKUP(D22,[1]숨김!$B$3:$E$300,2,0) -> 공통 | D22: 통합사회1 | E22: =VLOOKUP(D22,[1]숨김!$B$3:$E$300,3,0) -> 4 | F22: 3 | G22: 3 | M22: =SUM(G22:L23) -> 6 | O22: =VLOOKUP(D22,[1]숨김!$B$3:$E$300,4,0) -> 성취도 5단계+석차등급O
C23: =VLOOKUP(D23,[1]숨김!$B$3:$E$300,2,0) -> 공통 | D23: 통합사회2 | E23: =VLOOKUP(D23,[1]숨김!$B$3:$E$300,3,0) -> 4 | F23: 3 | H23: 3 | O23: =VLOOKUP(D23,[1]숨김!$B$3:$E$300,4,0) -> 성취도 5단계+석차등급O
B24: 과학 | C24: =VLOOKUP(D24,[1]숨김!$B$3:$E$300,2,0) -> 공통 | D24: 통합과학1 | E24: =VLOOKUP(D24,[1]숨김!$B$3:$E$300,3,0) -> 4 | F24: 3 | G24: 3 | M24: =SUM(G24:L27) -> 8 | O24: =VLOOKUP(D24,[1]숨김!$B$3:$E$300,4,0) -> 성취도 5단계+석차등급O
C25: =VLOOKUP(D25,[1]숨김!$B$3:$E$300,2,0) -> 공통 | D25: 통합과학2 | E25: =VLOOKUP(D25,[1]숨김!$B$3:$E$300,3,0) -> 4 | F25: 3 | H25: 3 | O25: =VLOOKUP(D25,[1]숨김!$B$3:$E$300,4,0) -> 성취도 5단계+석차등급O
C26: =VLOOKUP(D26,[1]숨김!$B$3:$E$300,2,0) -> 공통 | D26: 과학탐구실험1 | E26: =VLOOKUP(D26,[1]숨김!$B$3:$E$300,3,0) -> 1 | F26: 1 | G26: 1 | O26: =VLOOKUP(D26,[1]숨김!$B$3:$E$300,4,0) -> 성취도 3단계
C27: =VLOOKUP(D27,[1]숨김!$B$3:$E$300,2,0) -> 공통 | D27: 과학탐구실험2 | E27: =VLOOKUP(D27,[1]숨김!$B$3:$E$300,3,0) -> 1 | F27: 1 | H27: 1 | O27: =VLOOKUP(D27,[1]숨김!$B$3:$E$300,4,0) -> 성취도 3단계
B28: 체육 | C28: 일반 | D28: 체육1 | E28: 3 | F28: 2 | G28: 2 | M28: =SUM(G28:L33) -> 10 | O28: =VLOOKUP(D28,[1]숨김!$B$3:$E$300,4,0) -> 성취도 3단계
C29: 일반 | D29: 체육2 | E29: 3 | F29: 2 | H29: 2 | O29: =VLOOKUP(D29,[1]숨김!$B$3:$E$300,4,0) -> 성취도 3단계
C30: 진로 | D30: 스포츠 문화 | E30: 2 | F30: 1 | I30: 1 | O30: =VLOOKUP(D30,[1]숨김!$B$3:$E$300,4,0) -> 성취도 3단계
C31: 진로 | D31: 스포츠 과학 | E31: 2 | F31: 1 | J31: 1 | O31: =VLOOKUP(D31,[1]숨김!$B$3:$E$300,4,0) -> 성취도 3단계
C32: 융합 | D32: 스포츠 생활1 | E32: 3 | F32: 2 | K32: 2 | O32: 성취도 3단계
C33: 융합 | D33: 스포츠 생활2 | E33: 3 | F33: 2 | L33: 2 | O33: 성취도 3단계
B34: 예술 | C34: 일반 | D34: 음악↔미술 | E34: 3 | F34: 3 | G34: 3 | H34: 3 | M34: =SUM(G34:L37) -> 10 | O34: 성취도 3단계
C35: 일반 | E35: 3 | F35: 3 | O35: 성취도 3단계
C36: 진로 | D36: 미술 창작 | E36: 3 | F36: 2 | I36: 2 | O36: 성취도 3단계
C37: 진로 | D37: 미술 감상과 비평 | E37: 3 | F37: 2 | J37: 2 | O37: =VLOOKUP(D37,[1]숨김!$B$3:$E$300,4,0) -> 성취도 3단계
B38: 정보 | C38: 일반 | D38: 한문↔정보 | E38: 4 | F38: 3 | G38: 3 | H38: 3 | M38: =G38+H38+G40+H40+L42 -> 13 | O38: 성취도 5단계+석차등급O
B39: 한문 | C39: 일반 | E39: 4 | F39: 3 | O39: 성취도 5단계+석차등급O
B40: 교양 | C40: 일반 | D40: 진로와 직업↔생태와 환경 | E40: 3 | F40: 2 | G40: 2 | H40: 2 | O40: 이수/미이수
C41: 일반 | E41: 3 | F41: 2 | O41: 이수/미이수
C42: 융합 | D42: 논술 | E42: 3 | F42: 3 | L42: 3 | O42: =VLOOKUP(D42,[1]숨김!$B$3:$E$300,4,0) -> 이수/미이수
A43: 학교 지정 과목 교과 이수 학점 소계 | G43: =SUM(G5:G42) -> 29 | H43: =SUM(H5:H42) -> 29 | I43: =SUM(I5:I42) -> 14 | J43: =SUM(J5:J42) -> 14 | K43: =SUM(K5:K42) -> 14 | L43: =SUM(L5:L42) -> 5 | M43: =G43+H43+I43+J43+K43+L43 -> 105
A44: 선택군A | B44: 제2외국어 | C44: 일반 | D44: 일본어 | E44: =VLOOKUP(D44,[1]숨김!$B$3:$E$300,3,0) -> 4 | F44: 3 | I44: 3 | M44: =I44+J46 -> 6 | O44: =VLOOKUP(D44,[1]숨김!$B$3:$E$300,4,0) -> 성취도 5단계+석차등급O
C45: 일반 | D45: 중국어 | E45: =VLOOKUP(D45,[1]숨김!$B$3:$E$300,3,0) -> 4 | F45: 3 | O45: =VLOOKUP(D45,[1]숨김!$B$3:$E$300,4,0) -> 성취도 5단계+석차등급O
A46: 선택군B | C46: =VLOOKUP(D46,[1]숨김!$B$3:$E$300,2,0) -> 진로 | D46: 일본어 회화 | E46: =VLOOKUP(D46,[1]숨김!$B$3:$E$300,3,0) -> 4 | F46: 3 | J46: 3 | O46: =VLOOKUP(D46,[1]숨김!$B$3:$E$300,4,0) -> 성취도 5단계+석차등급O
C47: =VLOOKUP(D47,[1]숨김!$B$3:$E$300,2,0) -> 진로 | D47: 중국어 회화 | E47: =VLOOKUP(D47,[1]숨김!$B$3:$E$300,3,0) -> 4 | F47: 3 | O47: =VLOOKUP(D47,[1]숨김!$B$3:$E$300,4,0) -> 성취도 5단계+석차등급O
A48: 선택군C | B48: 국어 | C48: 융합 | D48: 독서 토론과 글쓰기 | E48: 4 | F48: 3 | I48: 3 | M48: 24 | O48: 성취도 5단계+석차등급O
B49: 수학 | C49: 진로 | D49: 인공지능수학 | E49: 4 | F49: 3 | I49: 3 | O49: 성취도 5단계+석차등급O
B50: 영어 | C50: 진로 | D50: 영미 문학 읽기 | E50: 4 | F50: 3 | I50: 3 | O50: 성취도 5단계+석차등급O
B51: 과학 | C51: 일반 | D51: 물리학 | E51: 4 | F51: 3 | I51: 3 | O51: =VLOOKUP(D51,[1]숨김!$B$3:$E$300,4,0) -> 성취도 5단계+석차등급O
C52: 일반 | D52: 화학 | E52: 4 | F52: 3 | O52: =VLOOKUP(D52,[1]숨김!$B$3:$E$300,4,0) -> 성취도 5단계+석차등급O
C53: 일반 | D53: 생명과학 | E53: 4 | F53: 3 | O53: =VLOOKUP(D53,[1]숨김!$B$3:$E$300,4,0) -> 성취도 5단계+석차등급O
C54: 일반 | D54: 지구과학 | E54: 4 | F54: 3 | O54: =VLOOKUP(D54,[1]숨김!$B$3:$E$300,4,0) -> 성취도 5단계+석차등급O
B55: 사회 (역사/도덕포함) | C55: 일반 | D55: 세계사 | E55: 4 | F55: 3 | O55: =VLOOKUP(D55,[1]숨김!$B$3:$E$300,4,0) -> 성취도 5단계+석차등급O
C56: 일반 | D56: 현대사회와 윤리 | E56: 4 | F56: 3 | O56: =VLOOKUP(D56,[1]숨김!$B$3:$E$300,4,0) -> 성취도 5단계+석차등급O
C57: 일반 | D57: 사회와 문화 | E57: 4 | F57: 3 | O57: =VLOOKUP(D57,[1]숨김!$B$3:$E$300,4,0) -> 성취도 5단계+석차등급O
C58: 융합 | D58: 여행지리 | E58: 4 | F58: 3 | J58: 3 | O58: 성취도 5단계+석차등급X
B59: 한문 | C59: 융합 | D59: 언어생활과 한자 | E59: 4 | F59: 3 | J59: 3 | O59: 성취도 5단계+석차등급O
B60: 체육 | C60: 진로 | D60: 기초 체육 전공 실기 | E60: 3 | F60: 3 | J60: 3 | O60: 성취도 5단계+석차등급O
B61: 국어 | C61: 융합 | D61: 매체의사소통 | E61: 4 | F61: 3 | J61: 3 | O61: 성취도 5단계+석차등급O
B62: 수학 | C62: 진로 | D62: 기하 | E62: 4 | F62: 3 | O62: 성취도 5단계+석차등급O
B63: 영어 | C63: 융합 | D63: 미디어영어 | E63: 4 | F63: 3 | O63: 성취도 5단계+석차등급O
B64: 사회 (역사/도덕포함) | C64: 일반 | D64: 세계시민과 지리 | E64: 4 | F64: 3 | O64: 성취도 5단계+석차등급O
C65: 진로 | D65: 윤리와 사상 | E65: 4 | F65: 3 | O65: 성취도 5단계+석차등급O
C66: 진로 | D66: 경제 | E66: 4 | F66: 3 | O66: 성취도 5단계+석차등급O
B67: 과학 | C67: 진로 | D67: 역학과 에너지 | E67: 4 | F67: 3 | O67: 성취도 5단계+석차등급O
C68: 진로 | D68: 물질과 에너지 | E68: 4 | F68: 3 | O68: 성취도 5단계+석차등급O
C69: 진로 | D69: 세포와 물질대사 | E69: 4 | F69: 3 | O69: 성취도 5단계+석차등급O
C70: 진로 | D70: 지구시스템과학 | E70: 4 | F70: 3 | O70: 성취도 5단계+석차등급O
A71: 선택군D | B71: 국어 | C71: 진로 | D71: 문학과 영상 | E71: 4 | F71: 3 | K71: 3 | L71: 3 | M71: 36 | O71: =VLOOKUP(D71,[1]숨김!$B$3:$E$300,4,0) -> 성취도 5단계+석차등급O
C72: 진로 | D72: 주제 탐구 독서 | E72: 4 | F72: 3 | K72: 3 | L72: 3 | O72: =VLOOKUP(D72,[1]숨김!$B$3:$E$300,4,0) -> 성취도 5단계+석차등급O
C73: 융합 | D73: 언어생활 탐구 | E73: 4 | F73: 3 | K73: 3 | L73: 3 | O73: =VLOOKUP(D73,[1]숨김!$B$3:$E$300,4,0) -> 성취도 5단계+석차등급O
B74: 수학 | C74: 진로 | D74: 미적분Ⅱ | E74: 4 | F74: 3 | K74: 3 | L74: 3 | O74: 성취도 5단계+석차등급O
C75: 진로 | D75: 경제수학 | E75: 4 | F75: 3 | L75: 3 | O75: 성취도 5단계+석차등급O
C76: 융합 | D76: 수학과제 탐구 | E76: 4 | F76: 3 | L76: 3 | O76: 성취도 5단계+석차등급O
C77: 융합 | D77: 수학과 문화 | E77: 4 | F77: 3 | L77: 3 | O77: =VLOOKUP(D77,[1]숨김!$B$3:$E$300,4,0) -> 성취도 5단계+석차등급O
B78: 영어 | C78: 진로 | D78: 심화 영어 | E78: 4 | F78: 3 | L78: 3 | O78: 성취도 5단계+석차등급O
C79: 진로 | D79: 심화 영어 독해와 작문 | E79: 4 | F79: 3 | O79: =VLOOKUP(D79,[1]숨김!$B$3:$E$300,4,0) -> 성취도 5단계+석차등급O
C80: 융합 | D80: 세계 문화와 영어 | E80: 4 | F80: 3 | O80: =VLOOKUP(D80,[1]숨김!$B$3:$E$300,4,0) -> 성취도 5단계+석차등급O
B81: 사회 (역사/도덕포함) | C81: 진로 | D81: 동아시아 역사 기행 | E81: 4 | F81: 3 | O81: =VLOOKUP(D81,[1]숨김!$B$3:$E$300,4,0) -> 성취도 5단계+석차등급O
C82: 진로 | D82: 한국지리 탐구 | E82: 4 | F82: 3 | O82: =VLOOKUP(D82,[1]숨김!$B$3:$E$300,4,0) -> 성취도 5단계+석차등급O
C83: 진로 | D83: 도시의 미래 탐구 | E83: 4 | F83: 3 | O83: =VLOOKUP(D83,[1]숨김!$B$3:$E$300,4,0) -> 성취도 5단계+석차등급O
C84: 진로 | D84: 인문학과 윤리 | E84: 4 | F84: 3 | O84: =VLOOKUP(D84,[1]숨김!$B$3:$E$300,4,0) -> 성취도 5단계+석차등급O
C85: 진로 | D85: 정치 | E85: 4 | F85: 3 | O85: =VLOOKUP(D85,[1]숨김!$B$3:$E$300,4,0) -> 성취도 5단계+석차등급O
C86: 진로 | D86: 법과 사회 | E86: 4 | F86: 3 | O86: =VLOOKUP(D86,[1]숨김!$B$3:$E$300,4,0) -> 성취도 5단계+석차등급O
C87: 융합 | D87: 역사로 탐구하는 현대 세계 | E87: 4 | F87: 3 | O87: =VLOOKUP(D87,[1]숨김!$B$3:$E$300,4,0) -> 성취도 5단계+석차등급X
C88: 융합 | D88: 기후변화와 지속가능한 세계 | E88: 4 | F88: 3 | O88: 성취도 5단계+석차등급X
C89: 융합 | D89: 사회문제탐구 | E89: 4 | F89: 3 | O89: 성취도 5단계+석차등급X
B90: 과학 | C90: 진로 | D90: 전자기와 양자 | E90: 4 | F90: 3 | O90: =VLOOKUP(D90,[1]숨김!$B$3:$E$300,4,0) -> 성취도 5단계+석차등급O
C91: 진로 | D91: 화학 반응의 세계 | E91: 4 | F91: 3 | O91: =VLOOKUP(D91,[1]숨김!$B$3:$E$300,4,0) -> 성취도 5단계+석차등급O
C92: 진로 | D92: 생물의 유전 | E92: 4 | F92: 3 | O92: =VLOOKUP(D92,[1]숨김!$B$3:$E$300,4,0) -> 성취도 5단계+석차등급O
C93: 진로 | D93: 행성우주과학 | E93: 4 | F93: 3 | O93: =VLOOKUP(D93,[1]숨김!$B$3:$E$300,4,0) -> 성취도 5단계+석차등급O
C94: 융합 | D94: 과학의 역사와 문화 | E94: 4 | F94: 3 | O94: 성취도 5단계+석차등급X
C95: 융합 | D95: 융합과학 탐구 | E95: 4 | F95: 3 | O95: =VLOOKUP(D95,[1]숨김!$B$3:$E$300,4,0) -> 성취도 5단계+석차등급X
C96: 융합 | D96: 기후변화와 환경생태 | E96: 4 | F96: 3 | O96: 성취도 5단계+석차등급X
B97: 한문 | C97: 진로 | D97: 한문 고전 읽기 | E97: 4 | F97: 3 | O97: 성취도 5단계+석차등급O
B98: 정보 | C98: 진로 | D98: 인공지능 기초 | E98: 4 | F98: 3 | O98: =VLOOKUP(D98,[1]숨김!$B$3:$E$300,4,0) -> 성취도 5단계+석차등급O
A99: 선택군E | B99: 교양 | C99: 진로 | D99: 교육의 이해 | E99: 3 | F99: 3 | K99: 3 | M99: 3 | O99: =VLOOKUP(D99,[1]숨김!$B$3:$E$300,4,0) -> 이수/미이수
C100: 진로 | D100: 논리와 사고 | E100: 3 | F100: 3 | O100: =VLOOKUP(D100,[1]숨김!$B$3:$E$300,4,0) -> 이수/미이수
...
